Codon,AminoAcid,Frequency(per thousand)
TTT,F,19.7
TCT,S,5.7
TAT,Y,16.8
TGT,C,5.9
TTC,F,15.0
TCC,S,5.5
TAC,Y,14.6
TGC,C,8.0
TTA,L,15.2
TCA,S,7.8
TAA,Stop,1.8
TGA,Stop,1.0
TTG,L,11.9
TCG,S,8.0
TAG,Stop,0.0
TGG,W,10.7
CTT,L,11.9
CCT,P,8.4
CAT,H,15.8
CGT,R,21.1
CTC,L,10.5
CCC,P,6.4
CAC,H,13.1
CGC,R,26.0
CTA,L,5.3
CCA,P,6.6
CAA,Q,12.1
CGA,R,4.3
CTG,L,46.9
CCG,P,26.7
CAG,Q,27.7
CGG,R,4.1
ATT,I,30.5
ACT,T,8.0
AAT,N,21.9
AGT,S,7.2
ATC,I,18.2
ACC,T,22.8
AAC,N,24.4
AGC,S,16.6
ATA,I,3.7
ACA,T,6.4
AAA,K,33.2
AGA,R,1.4
ATG,M,24.8
ACG,T,11.5
AAG,K,12.1
AGG,R,1.6
GTT,V,16.8
GCT,A,10.7
GAT,D,37.9
GGT,G,21.3
GTC,V,11.7
GCC,A,31.6
GAC,D,20.5
GGC,G,33.4
GTA,V,11.5
GCA,A,21.1
GAA,E,43.7
GGA,G,9.2
GTG,V,26.4
GCG,A,38.5
GAG,E,18.4
GGG,G,8.6
